insert into courier_tracking.stores (id, lat, lng, name)
values  (1, 40.9923307, 29.1244229, 'Ataşehir MMM Migros'),
        (2, 40.986106, 29.1161293, 'Novada MMM Migros'),
        (3, 41.0066851, 28.6552262, 'Beylikdüzü 5M Migros'),
        (4, 39.88969808333436, 32.84961232701679, 'Ansera MMM Migros'),
        (5, 39.922566684115154, 32.860669774201696, 'Kolej M Migros'),
        (6, 39.88434160998711, 32.7583648819354, 'Bilkent 5M Migros'),
        (12, 39.92620606114497, 32.86839523408878, 'Kurtuluş Migros'),
        (13, 39.92447970589766, 32.84577385065023, 'Maltepe Migros'),
        (14, 39.922609290816304, 32.82650845342967, 'Bahçelievler M Migros'),
        (15, 41.00056577980457, 28.6453044368488, 'Beylikdüzü MM Migros');

insert into courier_tracking.couriers (id, name)
values  (1111, 'Ayrancı Courier'),
        (1112, 'Kolej Courier'),
        (1113, 'Bilkent Courier'),
        (1120, 'Kurtuluş Courier'),
        (1121, 'Maltepe Courier'),
        (1122, 'Bahçelievler Courier'),
        (1123, 'Ataşehir Courier'),
        (1125, 'Beylikdüzü Courier');

insert into courier_tracking.location_log (id, lat, lng, timestamp, courier_id)
values   (1276, 39.92620606114497, 32.86839523408878, '2025-07-18 10:00:00.000000', 1120),
        (1277, 39.9265, 32.869, '2025-07-18 10:00:05.000000', 1120),
        (1278, 39.927, 32.8695, '2025-07-18 10:00:10.000000', 1120),
        (1279, 39.9275, 32.87, '2025-07-18 10:00:15.000000', 1120),
        (1280, 39.928, 32.8705, '2025-07-18 10:00:20.000000', 1120),
        (1281, 39.9285, 32.871, '2025-07-18 10:00:25.000000', 1120),
        (1282, 39.929, 32.8715, '2025-07-18 10:00:30.000000', 1120),
        (1283, 39.9295, 32.872, '2025-07-18 10:00:35.000000', 1120),
        (1284, 39.93, 32.8725, '2025-07-18 10:00:40.000000', 1120),
        (1285, 39.9305, 32.873, '2025-07-18 10:00:45.000000', 1120),
        (1286, 39.931, 32.8735, '2025-07-18 10:00:50.000000', 1120),
        (1287, 39.9315, 32.874, '2025-07-18 10:00:55.000000', 1120),
        (1288, 39.92620606114497, 32.86839523408878, '2025-07-18 10:01:00.000000', 1120),
        (1289, 39.92621606114497, 32.86838523408878, '2025-07-18 10:02:00.000000', 1120),
        (1290, 39.92622606114497, 32.86837523408878, '2025-07-18 10:03:00.000000', 1120),
        (1291, 39.92722606114497, 32.86737523408878, '2025-07-18 10:03:00.000000', 1120),
        (1292, 39.92722606114497, 32.86737523408878, '2025-07-18 10:04:00.000000', 1120),
        (1293, 39.924176, 32.845232, '2025-07-18 15:54:00.000000', 1121),
        (1294, 39.925676, 32.847732, '2025-07-18 15:55:00.000000', 1121),
        (1295, 39.924576, 32.848432, '2025-07-18 15:56:00.000000', 1121),
        (1296, 39.923676, 32.849232, '2025-07-18 15:57:00.000000', 1121),
        (1297, 39.922676, 32.848132, '2025-07-18 15:58:00.000000', 1121),
        (1298, 39.921176, 32.846932, '2025-07-18 15:59:00.000000', 1121),
        (1299, 39.919276, 32.846132, '2025-07-18 16:00:00.000000', 1121),
        (1300, 39.922476, 32.843232, '2025-07-18 16:01:00.000000', 1121),
        (1301, 39.923776, 32.844732, '2025-07-18 16:02:00.000000', 1121),
        (1302, 39.924376, 32.845532, '2025-07-18 16:03:00.000000', 1121),
        (1303, 39.922609290816304, 32.82650845342967, '2025-07-21 16:00:00.000000', 1122),
        (1304, 39.9209, 32.8265, '2025-07-21 16:01:00.000000', 1122),
        (1305, 39.9213, 32.8283, '2025-07-21 16:02:00.000000', 1122),
        (1306, 39.9215, 32.829, '2025-07-21 16:03:00.000000', 1122),
        (1307, 39.9208, 32.8292, '2025-07-21 16:04:00.000000', 1122),
        (1308, 39.9202, 32.8258, '2025-07-21 16:05:00.000000', 1122),
        (1309, 39.9188, 32.8274, '2025-07-21 16:06:00.000000', 1122),
        (1310, 39.9192, 32.8288, '2025-07-21 16:07:00.000000', 1122),
        (1311, 39.9195, 32.8299, '2025-07-21 16:08:00.000000', 1122),
        (1312, 39.9206, 32.8294, '2025-07-21 16:09:00.000000', 1122),
        (1313, 39.923, 32.8284, '2025-07-21 16:10:00.000000', 1122),
        (1314, 39.9228, 32.8268, '2025-07-21 16:11:00.000000', 1122),
        (1315, 39.9222, 32.8268, '2025-07-21 16:12:00.000000', 1122),
        (1316, 39.9221, 32.8261, '2025-07-21 16:13:00.000000', 1122),
        (1317, 39.9219, 32.8262, '2025-07-21 16:14:00.000000', 1122),
        (1318, 39.8842, 32.7588, '2025-07-21 16:02:00.000000', 1113),
        (1319, 39.8839, 32.7601, '2025-07-21 16:03:00.000000', 1113),
        (1320, 39.8845, 32.7601, '2025-07-21 16:04:00.000000', 1113),
        (1321, 39.8847, 32.7598, '2025-07-21 16:05:00.000000', 1113),
        (1322, 39.88476, 32.7592, '2025-07-21 16:05:30.000000', 1113),
        (1323, 39.88475, 32.7578, '2025-07-21 16:06:30.000000', 1113),
        (1324, 39.88489, 32.7576, '2025-07-21 16:07:00.000000', 1113),
        (1325, 39.88493, 32.75938, '2025-07-21 16:08:00.000000', 1113),
        (1326, 39.88483, 32.75994, '2025-07-21 16:09:00.000000', 1113),
        (1327, 39.8845, 32.7606, '2025-07-21 16:10:00.000000', 1113),
        (1328, 39.8841, 32.7608, '2025-07-21 16:11:00.000000', 1113),
        (1329, 39.8837, 32.7605, '2025-07-21 16:12:00.000000', 1113),
        (1330, 39.8827, 32.7593, '2025-07-21 16:13:00.000000', 1113),
        (1331, 39.8823, 32.7587, '2025-07-21 16:14:00.000000', 1113),
        (1332, 39.8821, 32.7581, '2025-07-21 16:15:00.000000', 1113),
        (1333, 39.8822, 32.7576, '2025-07-21 16:16:00.000000', 1113),
        (1334, 39.8826, 32.7571, '2025-07-21 16:17:00.000000', 1113),
        (1335, 39.883, 32.757, '2025-07-21 16:18:00.000000', 1113),
        (1336, 39.8843, 32.7569, '2025-07-21 16:19:00.000000', 1113),
        (1337, 39.8848, 32.757, '2025-07-21 16:20:00.000000', 1113),
        (1338, 39.8848, 32.7576, '2025-07-21 16:21:00.000000', 1113),
        (1339, 39.9225, 32.8607, '2025-07-21 16:01:00.000000', 1112),
        (1340, 39.9226, 32.8605, '2025-07-21 16:02:00.000000', 1112),
        (1341, 39.9229, 32.8609, '2025-07-21 16:03:00.000000', 1112),
        (1342, 39.9216, 32.8614, '2025-07-21 16:04:00.000000', 1112),
        (1343, 39.9215, 32.8604, '2025-07-21 16:05:00.000000', 1112),
        (1344, 39.9206, 32.8608, '2025-07-21 16:06:00.000000', 1112),
        (1345, 39.9203, 32.8599, '2025-07-21 16:07:00.000000', 1112),
        (1346, 39.9189, 32.8607, '2025-07-21 16:08:00.000000', 1112),
        (1347, 39.9193, 32.8623, '2025-07-21 16:09:00.000000', 1112),
        (1348, 39.9208, 32.8624, '2025-07-21 16:10:00.000000', 1112),
        (1349, 39.9219, 32.8625, '2025-07-21 16:11:00.000000', 1112),
        (1350, 39.9217, 32.8613, '2025-07-21 16:12:00.000000', 1112),
        (1351, 39.9229, 32.8609, '2025-07-21 16:13:00.000000', 1112),
        (1352, 39.9226, 32.8605, '2025-07-21 16:14:00.000000', 1112),


insert into courier_tracking.store_visit_log (id, entry_time, courier_id, store_id)
values  (48, '2025-07-18 10:00:00.000000', 1120, 12),
        (49, '2025-07-18 10:01:00.000000', 1120, 12),
        (50, '2025-07-18 10:02:00.000000', 1120, 12),
        (51, '2025-07-18 10:03:00.000000', 1120, 12),
        (52, '2025-07-18 15:54:00.000000', 1121, 13),
        (53, '2025-07-18 16:03:00.000000', 1121, 13),
        (54, '2025-07-21 16:00:00.000000', 1122, 14),
        (55, '2025-07-21 16:11:00.000000', 1122, 14),
        (56, '2025-07-21 16:12:00.000000', 1122, 14),
        (57, '2025-07-21 16:13:00.000000', 1122, 14),
        (58, '2025-07-21 16:14:00.000000', 1122, 14),
        (59, '2025-07-21 16:02:00.000000', 1113, 6),
        (60, '2025-07-21 16:05:30.000000', 1113, 6),
        (61, '2025-07-21 16:06:30.000000', 1113, 6),
        (62, '2025-07-21 16:21:00.000000', 1113, 6),
        (63, '2025-07-21 16:01:00.000000', 1112, 5),
        (64, '2025-07-21 16:02:00.000000', 1112, 5),
        (65, '2025-07-21 16:03:00.000000', 1112, 5),
        (66, '2025-07-21 16:13:00.000000', 1112, 5),
        (67, '2025-07-21 16:14:00.000000', 1112, 5),
